-- ================================================
-- 练习管理系统数据迁移脚本
-- 从本地 practice_management 迁移到 Railway railway 数据库
-- ================================================

USE `railway`;

-- ================================================
-- 1. 清空现有数据（保留表结构）
-- ================================================
DELETE FROM `system_notification`;
DELETE FROM `contact_relation`;
DELETE FROM `activity_suggestion`;
DELETE FROM `certificate`;
DELETE FROM `credit_record`;
DELETE FROM `activity_registration`;
DELETE FROM `activity_evaluation`;
DELETE FROM `activity`;
DELETE FROM `activity_category`;
DELETE FROM `announcement`;
DELETE FROM `sys_user`;

-- ================================================
-- 2. 插入活动分类数据
-- ================================================
INSERT INTO `activity_category` (`id`, `name`, `description`, `deleted`, `create_time`, `update_time`) VALUES
(1, '志愿服务', '各类志愿服务活动', 0, '2026-02-15 02:02:04', '2026-02-15 02:02:04'),
(2, '学术讲座', '学术讲座和报告', 0, '2026-02-15 02:02:04', '2026-02-15 02:02:04'),
(3, '文体活动', '文艺体育活动', 0, '2026-02-15 02:02:04', '2026-02-15 02:02:04'),
(4, '社会实践', '社会实践和调研', 0, '2026-02-15 02:02:04', '2026-02-15 02:02:04'),
(5, '其他活动', '其他类型的实践活动', 0, '2026-02-15 02:02:04', '2026-02-15 02:02:04');

-- ================================================
-- 3. 插入公告数据
-- ================================================
INSERT INTO `announcement` (`id`, `title`, `content`, `publisher_id`, `target_audience`, `priority`, `status`, `publish_time`, `deleted`, `create_time`, `update_time`) VALUES
(1, '欢迎使用实践活动管理系统', '欢迎使用高校学生实践活动管理系统，请各位同学和老师积极使用。', 1, 'ALL', 'HIGH', 'PUBLISHED', '2026-02-15 02:02:04', 0, '2026-02-15 02:02:04', '2026-02-15 02:02:04'),
(2, '系统使用说明', '本系统支持活动发布、报名、学时管理等功能，详细说明请查看帮助文档。', 1, 'ALL', 'NORMAL', 'PUBLISHED', '2026-02-15 02:02:04', 0, '2026-02-15 02:02:04', '2026-02-15 02:02:04'),
(3, '关于学分认定的通知', '同学们请注意，本学期的学分认定工作已经开始，请及时查看自己的学分记录。', 1, 'STUDENT', 'HIGH', 'PUBLISHED', '2026-02-20 10:00:00', 0, '2026-02-20 10:00:00', '2026-02-20 10:00:00'),
(4, '新增功能上线', '系统新增了活动建议功能，同学们可以在活动详情页向老师提出建议。', 1, 'ALL', 'NORMAL', 'PUBLISHED', '2026-02-25 15:00:00', 0, '2026-02-25 15:00:00', '2026-02-25 15:00:00'),
(5, '端午节假期安排', '端午节假期期间，系统正常运行，祝大家节日快乐！', 1, 'ALL', 'LOW', 'PUBLISHED', '2026-03-01 09:00:00', 0, '2026-03-01 09:00:00', '2026-03-01 09:00:00'),
(6, '系统维护通知', '系统将于本周日凌晨2:00-6:00进行维护，届时可能无法访问。', 1, 'ALL', 'HIGH', 'PUBLISHED', '2026-03-05 18:00:00', 0, '2026-03-05 18:00:00', '2026-03-05 18:00:00'),
(7, '春季实践活动开始报名', '2026年春季实践活动已经开始报名，欢迎同学们积极参加！', 1, 'ALL', 'HIGH', 'PUBLISHED', '2026-03-10 08:00:00', 0, '2026-03-10 08:00:00', '2026-03-10 08:00:00'),
(8, '学分查询功能上线', '同学们现在可以查询自己的学分明细了，快去看看吧！', 1, 'STUDENT', 'NORMAL', 'PUBLISHED', '2026-03-15 14:00:00', 0, '2026-03-15 14:00:00', '2026-03-15 14:00:00'),
(9, '教师培训通知', '各位老师请注意，下周将举行系统使用培训，请准时参加。', 1, 'TEACHER', 'HIGH', 'PUBLISHED', '2026-03-18 16:00:00', 0, '2026-03-18 16:00:00', '2026-03-18 16:00:00'),
(10, '优秀活动评选', '本学期将评选优秀实践活动，获奖同学将获得额外学分奖励！', 1, 'ALL', 'NORMAL', 'PUBLISHED', '2026-03-22 11:00:00', 0, '2026-03-22 11:00:00', '2026-03-22 11:00:00'),
(11, '暑假实践活动预告', '暑假期间将有丰富的社会实践活动，敬请期待！', 1, 'ALL', 'NORMAL', 'PUBLISHED', '2026-04-01 09:00:00', 0, '2026-04-01 09:00:00', '2026-04-01 09:00:00'),
(12, '毕业实习说明', '即将毕业的同学请注意查看毕业实习要求和学分要求。', 1, 'STUDENT', 'HIGH', 'PUBLISHED', '2026-04-10 10:00:00', 0, '2026-04-10 10:00:00', '2026-04-10 10:00:00');

-- ================================================
-- 4. 插入用户数据
-- ================================================
INSERT INTO `sys_user` (`id`, `username`, `password`, `real_name`, `student_id`, `phone`, `email`, `role`, `status`, `deleted`, `create_time`, `update_time`) VALUES
(1, 'root', '$2a$10$E1QywinleOjTMic1tm7pEu9.7SCxlJUfCTpZMjbpqTP4xYv1tmL2i', '系统管理员', NULL, '13800138000', 'root@example.com', 'ADMIN', 1, 0, '2026-02-15 02:00:00', '2026-02-15 02:00:00'),
(2, 'teacher1', '$2a$10$E1QywinleOjTMic1tm7pEu9.7SCxlJUfCTpZMjbpqTP4xYv1tmL2i', '张老师', NULL, '13800138001', 'teacher1@example.com', 'TEACHER', 1, 0, '2026-02-15 02:00:00', '2026-02-15 02:00:00'),
(3, 'teacher2', '$2a$10$E1QywinleOjTMic1tm7pEu9.7SCxlJUfCTpZMjbpqTP4xYv1tmL2i', '李老师', NULL, '13800138002', 'teacher2@example.com', 'TEACHER', 1, 0, '2026-02-15 02:00:00', '2026-02-15 02:00:00'),
(4, 'student1', '$2a$10$E1QywinleOjTMic1tm7pEu9.7SCxlJUfCTpZMjbpqTP4xYv1tmL2i', '王小明', '2024001001', '13800138003', 'student1@example.com', 'STUDENT', 1, 0, '2026-02-15 02:00:00', '2026-02-15 02:00:00'),
(5, 'student2', '$2a$10$E1QywinleOjTMic1tm7pEu9.7SCxlJUfCTpZMjbpqTP4xYv1tmL2i', '李小红', '2024001002', '13800138004', 'student2@example.com', 'STUDENT', 1, 0, '2026-02-15 02:00:00', '2026-02-15 02:00:00'),
(6, 'student3', '$2a$10$E1QywinleOjTMic1tm7pEu9.7SCxlJUfCTpZMjbpqTP4xYv1tmL2i', '张小刚', '2024001003', '13800138005', 'student3@example.com', 'STUDENT', 1, 0, '2026-02-15 02:00:00', '2026-02-15 02:00:00');

-- ================================================
-- 5. 插入活动数据（不含证书相关字段）
-- ================================================
INSERT INTO `activity` (`id`, `title`, `category_id`, `organizer_id`, `content`, `start_time`, `end_time`, `location`, `max_participants`, `current_participants`, `credit_hours`, `credit_points`, `status`, `deleted`, `create_time`, `update_time`) VALUES
(1, '社区志愿服务', 1, 2, '走进社区，为老人提供帮助和服务', '2026-02-20 08:00:00', '2026-02-20 17:00:00', '市中心社区', 50, 0, 8.00, 2.00, 'PUBLISHED', 0, '2026-02-15 02:00:00', '2026-02-15 02:00:00'),
(2, '学术讲座：人工智能前沿', 2, 2, '邀请专家讲解人工智能最新发展', '2026-02-22 14:00:00', '2026-02-22 16:00:00', '学术报告厅', 200, 0, 2.00, 1.00, 'PUBLISHED', 0, '2026-02-15 02:00:00', '2026-02-15 02:00:00'),
(3, '校园运动会志愿者', 3, 3, '协助组织校园运动会', '2026-02-25 07:00:00', '2026-02-25 18:00:00', '操场', 100, 0, 10.00, 3.00, 'PUBLISHED', 0, '2026-02-15 02:00:00', '2026-02-15 02:00:00'),
(4, '三下乡社会调研', 4, 2, '前往农村进行社会实践调研', '2026-03-01 08:00:00', '2026-03-07 17:00:00', '郊区农村', 30, 0, 48.00, 6.00, 'PUBLISHED', 0, '2026-02-15 02:00:00', '2026-02-15 02:00:00'),
(5, '校园环保活动', 1, 3, '校园环境清洁和环保宣传', '2026-03-05 09:00:00', '2026-03-05 12:00:00', '校园内', 100, 0, 3.00, 1.00, 'PUBLISHED', 0, '2026-02-15 02:00:00', '2026-02-15 02:00:00'),
(6, '图书馆志愿服务', 1, 2, '图书馆书籍整理和读者服务', '2026-03-10 08:00:00', '2026-03-10 17:00:00', '图书馆', 30, 0, 8.00, 2.00, 'PUBLISHED', 0, '2026-02-15 02:00:00', '2026-02-15 02:00:00'),
(7, '创业讲座', 5, 2, '创业经验和案例分享', '2026-03-12 19:00:00', '2026-03-12 21:00:00', '创业中心', 150, 0, 2.00, 1.00, 'PUBLISHED', 0, '2026-02-15 02:00:00', '2026-02-15 02:00:00'),
(8, '支教活动', 4, 3, '前往偏远地区支教', '2026-03-15 08:00:00', '2026-03-20 17:00:00', '偏远山区', 20, 0, 40.00, 8.00, 'PUBLISHED', 0, '2026-02-15 02:00:00', '2026-02-15 02:00:00'),
(9, '校园歌手大赛志愿者', 3, 2, '协助组织校园歌手大赛', '2026-03-22 13:00:00', '2026-03-22 22:00:00', '大礼堂', 50, 0, 8.00, 2.00, 'PUBLISHED', 0, '2026-02-15 02:00:00', '2026-02-15 02:00:00'),
(10, '科技节志愿者', 5, 3, '协助组织校园科技节', '2026-03-25 08:00:00', '2026-03-25 17:00:00', '科技楼', 80, 0, 8.00, 2.00, 'PUBLISHED', 0, '2026-02-15 02:00:00', '2026-02-15 02:00:00'),
(11, '清明节祭扫活动', 4, 2, '烈士陵园祭扫和爱国主义教育', '2026-04-03 09:00:00', '2026-04-03 12:00:00', '烈士陵园', 100, 0, 3.00, 1.00, 'PUBLISHED', 0, '2026-02-15 02:00:00', '2026-02-15 02:00:00'),
(12, '心理健康讲座', 2, 2, '大学生心理健康知识讲座', '2026-04-08 14:00:00', '2026-04-08 16:00:00', '心理健康中心', 200, 0, 2.00, 1.00, 'PUBLISHED', 0, '2026-02-15 02:00:00', '2026-02-15 02:00:00'),
(13, '毕业实习指导', 5, 2, '毕业实习注意事项和指导', '2026-04-12 10:00:00', '2026-04-12 12:00:00', '教学楼A101', 150, 0, 2.00, 1.00, 'PUBLISHED', 0, '2026-02-15 02:00:00', '2026-02-15 02:00:00'),
(14, '校园招聘会志愿者', 5, 3, '协助企业校园招聘会', '2026-04-15 08:00:00', '2026-04-15 17:00:00', '体育馆', 60, 0, 8.00, 2.00, 'PUBLISHED', 0, '2026-02-15 02:00:00', '2026-02-15 02:00:00'),
(15, '五四青年节活动', 3, 2, '纪念五四运动主题活动', '2026-05-03 14:00:00', '2026-05-03 18:00:00', '操场', 300, 0, 4.00, 2.00, 'PUBLISHED', 0, '2026-02-15 02:00:00', '2026-02-15 02:00:00'),
(16, '期末考试监考志愿者', 5, 3, '协助期末考试监考工作', '2026-06-10 07:00:00', '2026-06-10 17:00:00', '教学楼', 100, 0, 8.00, 2.00, 'PUBLISHED', 0, '2026-02-15 02:00:00', '2026-02-15 02:00:00'),
(17, '暑期社会实践动员大会', 4, 2, '暑期社会实践项目介绍和动员', '2026-06-15 15:00:00', '2026-06-15 17:00:00', '学术报告厅', 200, 0, 2.00, 1.00, 'PUBLISHED', 0, '2026-02-15 02:00:00', '2026-02-15 02:00:00'),
(18, '校园迎新志愿者', 1, 3, '迎接新生入学', '2026-09-01 07:00:00', '2026-09-01 18:00:00', '校门口和报到处', 150, 0, 10.00, 3.00, 'DRAFT', 0, '2026-02-15 02:00:00', '2026-02-15 02:00:00'),
(19, '中秋节联欢活动', 3, 2, '中外学生中秋联欢', '2026-09-15 18:00:00', '2026-09-15 21:00:00', '大学生活动中心', 200, 0, 3.00, 1.00, 'DRAFT', 0, '2026-02-15 02:00:00', '2026-02-15 02:00:00'),
(20, '国庆节志愿服务', 1, 3, '国庆假期景区志愿服务', '2026-10-01 08:00:00', '2026-10-03 17:00:00', '市区景点', 80, 0, 24.00, 6.00, 'DRAFT', 0, '2026-02-15 02:00:00', '2026-02-15 02:00:00');

-- ================================================
-- 6. 插入报名记录数据
-- ================================================
INSERT INTO `activity_registration` (`id`, `activity_id`, `student_id`, `registration_time`, `status`, `check_in_time`, `check_in_location`, `proof_file_path`, `proof_file_name`, `proof_submit_time`, `check_out_time`, `actual_hours`, `evaluation_status`, `rating`, `final_credit_points`, `deleted`, `create_time`, `update_time`) VALUES
(1, 1, 4, '2026-02-16 10:00:00', 'APPROVED', '2026-02-20 08:00:00', '市中心社区', NULL, NULL, NULL, '2026-02-20 17:00:00', 8.00, 'PENDING', NULL, 2.00, 0, '2026-02-16 10:00:00', '2026-02-16 10:00:00'),
(2, 2, 4, '2026-02-18 14:00:00', 'APPROVED', '2026-02-22 14:00:00', '学术报告厅', NULL, NULL, NULL, '2026-02-22 16:00:00', 2.00, 'PENDING', NULL, 1.00, 0, '2026-02-18 14:00:00', '2026-02-18 14:00:00'),
(3, 3, 5, '2026-02-20 09:00:00', 'APPROVED', '2026-02-25 07:00:00', '操场', NULL, NULL, NULL, '2026-02-25 18:00:00', 10.00, 'PENDING', NULL, 3.00, 0, '2026-02-20 09:00:00', '2026-02-20 09:00:00'),
(4, 1, 5, '2026-02-17 11:00:00', 'APPROVED', '2026-02-20 08:00:00', '市中心社区', NULL, NULL, NULL, '2026-02-20 17:00:00', 8.00, 'PENDING', NULL, 2.00, 0, '2026-02-17 11:00:00', '2026-02-17 11:00:00'),
(5, 4, 4, '2026-02-22 15:00:00', 'APPROVED', '2026-03-01 08:00:00', '郊区农村', NULL, NULL, NULL, '2026-03-07 17:00:00', 48.00, 'PENDING', NULL, 6.00, 0, '2026-02-22 15:00:00', '2026-02-22 15:00:00'),
(6, 5, 6, '2026-02-28 10:00:00', 'APPROVED', '2026-03-05 09:00:00', '校园内', NULL, NULL, NULL, '2026-03-05 12:00:00', 3.00, 'PENDING', NULL, 1.00, 0, '2026-02-28 10:00:00', '2026-02-28 10:00:00'),
(7, 6, 4, '2026-03-02 09:00:00', 'APPROVED', '2026-03-10 08:00:00', '图书馆', NULL, NULL, NULL, '2026-03-10 17:00:00', 8.00, 'PENDING', NULL, 2.00, 0, '2026-03-02 09:00:00', '2026-03-02 09:00:00'),
(8, 7, 5, '2026-03-05 20:00:00', 'APPROVED', '2026-03-12 19:00:00', '创业中心', NULL, NULL, NULL, '2026-03-12 21:00:00', 2.00, 'PENDING', NULL, 1.00, 0, '2026-03-05 20:00:00', '2026-03-05 20:00:00'),
(9, 8, 4, '2026-03-08 14:00:00', 'APPROVED', '2026-03-15 08:00:00', '偏远山区', NULL, NULL, NULL, '2026-03-20 17:00:00', 40.00, 'PENDING', NULL, 8.00, 0, '2026-03-08 14:00:00', '2026-03-08 14:00:00'),
(10, 9, 6, '2026-03-15 18:00:00', 'APPROVED', '2026-03-22 13:00:00', '大礼堂', NULL, NULL, NULL, '2026-03-22 22:00:00', 8.00, 'PENDING', NULL, 2.00, 0, '2026-03-15 18:00:00', '2026-03-15 18:00:00'),
(11, 10, 5, '2026-03-18 10:00:00', 'APPROVED', '2026-03-25 08:00:00', '科技楼', NULL, NULL, NULL, '2026-03-25 17:00:00', 8.00, 'PENDING', NULL, 2.00, 0, '2026-03-18 10:00:00', '2026-03-18 10:00:00'),
(12, 11, 4, '2026-03-25 14:00:00', 'APPROVED', '2026-04-03 09:00:00', '烈士陵园', NULL, NULL, NULL, '2026-04-03 12:00:00', 3.00, 'PENDING', NULL, 1.00, 0, '2026-03-25 14:00:00', '2026-03-25 14:00:00'),
(13, 12, 5, '2026-03-28 15:00:00', 'APPROVED', '2026-04-08 14:00:00', '心理健康中心', NULL, NULL, NULL, '2026-04-08 16:00:00', 2.00, 'PENDING', NULL, 1.00, 0, '2026-03-28 15:00:00', '2026-03-28 15:00:00'),
(14, 13, 6, '2026-04-05 11:00:00', 'APPROVED', '2026-04-12 10:00:00', '教学楼A101', NULL, NULL, NULL, '2026-04-12 12:00:00', 2.00, 'PENDING', NULL, 1.00, 0, '2026-04-05 11:00:00', '2026-04-05 11:00:00'),
(15, 14, 4, '2026-04-08 16:00:00', 'APPROVED', '2026-04-15 08:00:00', '体育馆', NULL, NULL, NULL, '2026-04-15 17:00:00', 8.00, 'PENDING', NULL, 2.00, 0, '2026-04-08 16:00:00', '2026-04-08 16:00:00'),
(16, 15, 5, '2026-04-18 16:00:00', 'APPROVED', '2026-05-03 14:00:00', '操场', NULL, NULL, NULL, '2026-05-03 18:00:00', 4.00, 'PENDING', NULL, 2.00, 0, '2026-04-18 16:00:00', '2026-04-18 16:00:00'),
(17, 16, 6, '2026-04-25 10:00:00', 'APPROVED', '2026-06-10 07:00:00', '教学楼', NULL, NULL, NULL, '2026-06-10 17:00:00', 8.00, 'PENDING', NULL, 2.00, 0, '2026-04-25 10:00:00', '2026-04-25 10:00:00'),
(18, 17, 4, '2026-05-10 16:00:00', 'APPROVED', '2026-06-15 15:00:00', '学术报告厅', NULL, NULL, NULL, '2026-06-15 17:00:00', 2.00, 'PENDING', NULL, 1.00, 0, '2026-05-10 16:00:00', '2026-05-10 16:00:00'),
(19, 1, 6, '2026-02-19 13:00:00', 'PENDING', NULL, NULL, NULL, NULL, NULL, NULL, NULL, 'PENDING', NULL, NULL, 0, '2026-02-19 13:00:00', '2026-02-19 13:00:00'),
(20, 2, 6, '2026-02-21 15:00:00', 'PENDING', NULL, NULL, NULL, NULL, NULL, NULL, NULL, 'PENDING', NULL, NULL, 0, '2026-02-21 15:00:00', '2026-02-21 15:00:00');

-- ================================================
-- 7. 插入学分记录数据
-- ================================================
INSERT INTO `credit_record` (`id`, `student_id`, `activity_id`, `registration_id`, `credit_hours`, `credit_points`, `academic_year`, `semester`, `deleted`, `create_time`, `update_time`) VALUES
(1, 4, 1, 1, 8.00, 2.00, '2025-2026', '第二学期', 0, '2026-02-20 17:00:00', '2026-02-20 17:00:00'),
(2, 4, 2, 2, 2.00, 1.00, '2025-2026', '第二学期', 0, '2026-02-22 16:00:00', '2026-02-22 16:00:00'),
(3, 5, 3, 3, 10.00, 3.00, '2025-2026', '第二学期', 0, '2026-02-25 18:00:00', '2026-02-25 18:00:00'),
(4, 5, 1, 4, 8.00, 2.00, '2025-2026', '第二学期', 0, '2026-02-20 17:00:00', '2026-02-20 17:00:00'),
(5, 4, 4, 5, 48.00, 6.00, '2025-2026', '第二学期', 0, '2026-03-07 17:00:00', '2026-03-07 17:00:00'),
(6, 6, 5, 6, 3.00, 1.00, '2025-2026', '第二学期', 0, '2026-03-05 12:00:00', '2026-03-05 12:00:00'),
(7, 4, 6, 7, 8.00, 2.00, '2025-2026', '第二学期', 0, '2026-03-10 17:00:00', '2026-03-10 17:00:00'),
(8, 5, 7, 8, 2.00, 1.00, '2025-2026', '第二学期', 0, '2026-03-12 21:00:00', '2026-03-12 21:00:00'),
(9, 4, 8, 9, 40.00, 8.00, '2025-2026', '第二学期', 0, '2026-03-20 17:00:00', '2026-03-20 17:00:00'),
(10, 6, 9, 10, 8.00, 2.00, '2025-2026', '第二学期', 0, '2026-03-22 22:00:00', '2026-03-22 22:00:00'),
(11, 5, 10, 11, 8.00, 2.00, '2025-2026', '第二学期', 0, '2026-03-25 17:00:00', '2026-03-25 17:00:00'),
(12, 4, 11, 12, 3.00, 1.00, '2025-2026', '第二学期', 0, '2026-04-03 12:00:00', '2026-04-03 12:00:00');

-- ================================================
-- 完成！（证书部分已移除）
-- ================================================